{"cameraMode":{"drawMode":0,"name":"Shaded","section":"Shading Mode"},"sceneLighting":true,"audioPlay":false,"sceneViewState":{"showFog":true,"showMaterialUpdate":false,"showSkybox":true,"showFlares":true,"showImageEffects":true,"showParticleSystems":true},"in2DMode":false,"pivot":{"x":12.353157043457032,"y":-1.7072234153747559,"z":-4.019515037536621},"rotation":{"x":0.0756477564573288,"y":0.8280392289161682,"z":-0.11526189744472504,"w":0.5434542894363403},"size":25.402706146240236,"orthographic":false}